Record;[0];[0]\[3];[1]\[3];FULL;QNAM;[2]\[2]\[0]\[0];RNAM
16789682;CCHorseArmorDialogueQuestArmorBranchTopic "I'd like to armor my horse." [DIAL:010030AC];;[INFO:010030B2] (in GRUP Topic Children of CCHorseArmorDialogueQuestArmorBranchTopic "I'd like to armor my horse." [DIAL:010030AC]);;;;
16789676;;CCHorseArmorDialogueQuestArmorBranchTopic "I'd like to armor my horse." [DIAL:010030AC];;I'd like to armor my horse.;CCHorseArmorDialogueQuest [QUST:010030B5];;
16789680;CCHorseArmorDialogueQuestArmorSTEEL "Steel Armor (<Global=CCHorseArmorCost> gold)" [DIAL:010030AB];;[INFO:010030B0] (in GRUP Topic Children of CCHorseArmorDialogueQuestArmorSTEEL "Steel Armor (<Global=CCHorseArmorCost> gold)" [DIAL:010030AB]);;;TIF__010030B0;
16789675;;CCHorseArmorDialogueQuestArmorSTEEL "Steel Armor (<Global=CCHorseArmorCost> gold)" [DIAL:010030AB];;Steel Armor (<Global=CCHorseArmorCost> gold);CCHorseArmorDialogueQuest [QUST:010030B5];;
16789681;CCHorseArmorDialogueQuestArmorELVEN "Elven Armor (<Global=CCHorseArmorCost> gold)" [DIAL:010030AA];;[INFO:010030B1] (in GRUP Topic Children of CCHorseArmorDialogueQuestArmorELVEN "Elven Armor (<Global=CCHorseArmorCost> gold)" [DIAL:010030AA]);;;TIF__010030B1;
16789674;;CCHorseArmorDialogueQuestArmorELVEN "Elven Armor (<Global=CCHorseArmorCost> gold)" [DIAL:010030AA];;Elven Armor (<Global=CCHorseArmorCost> gold);CCHorseArmorDialogueQuest [QUST:010030B5];;
16789678;CCHorseArmorDialogueQuestArmorREMOVE "Remove the armor." [DIAL:010030A9];;[INFO:010030AE] (in GRUP Topic Children of CCHorseArmorDialogueQuestArmorREMOVE "Remove the armor." [DIAL:010030A9]);;;TIF__010030AE;
16789673;;CCHorseArmorDialogueQuestArmorREMOVE "Remove the armor." [DIAL:010030A9];;Remove the armor.;CCHorseArmorDialogueQuest [QUST:010030B5];;
16789679;CCHorseArmorDialogueQuestArmorCANCEL "Never mind." [DIAL:010030A8];;[INFO:010030AF] (in GRUP Topic Children of CCHorseArmorDialogueQuestArmorCANCEL "Never mind." [DIAL:010030A8]);;;;
16789672;;CCHorseArmorDialogueQuestArmorCANCEL "Never mind." [DIAL:010030A8];;Never mind.;CCHorseArmorDialogueQuest [QUST:010030B5];;
16789677;CCHorseArmorDialogueQuestArmorElvenFREE "Elven Armor (<Global=CCHorseArmorCostSwapOnly> gold)" [DIAL:010030A7];;[INFO:010030AD] (in GRUP Topic Children of CCHorseArmorDialogueQuestArmorElvenFREE "Elven Armor (<Global=CCHorseArmorCostSwapOnly> gold)" [DIAL:010030A7]);;;TIF__010030AD;
16789671;;CCHorseArmorDialogueQuestArmorElvenFREE "Elven Armor (<Global=CCHorseArmorCostSwapOnly> gold)" [DIAL:010030A7];;Elven Armor (<Global=CCHorseArmorCostSwapOnly> gold);CCHorseArmorDialogueQuest [QUST:010030B5];;
16789683;CCHorseArmorDialogueQuestArmorSteelFREE "Steel Armor (<Global=CCHorseArmorCostSwapOnly> gold)" [DIAL:010030A6];;[INFO:010030B3] (in GRUP Topic Children of CCHorseArmorDialogueQuestArmorSteelFREE "Steel Armor (<Global=CCHorseArmorCostSwapOnly> gold)" [DIAL:010030A6]);;;TIF__010030B3;
16789670;;CCHorseArmorDialogueQuestArmorSteelFREE "Steel Armor (<Global=CCHorseArmorCostSwapOnly> gold)" [DIAL:010030A6];;Steel Armor (<Global=CCHorseArmorCostSwapOnly> gold);CCHorseArmorDialogueQuest [QUST:010030B5];;
16789254;PetFramework_BranchRecruitTopic "Come with me!" [DIAL:01002F01];;[INFO:01002F06] ([G]'(squeal)' in GRUP Topic Children of PetFramework_BranchRecruitTopic "Come with me!" [DIAL:01002F01]);;;TIF__01002F06;
16789249;;PetFramework_BranchRecruitTopic "Come with me!" [DIAL:01002F01];;Come with me!;PetFramework_ParentQuest [QUST:01002F1C];;
16789250;PetFramework_BranchDismiss_HoldTopic "Wait for me in the city..." [DIAL:01002F00];;[INFO:01002F02] ('(whine)' in GRUP Topic Children of PetFramework_BranchDismiss_HoldTopic "Wait for me in the city..." [DIAL:01002F00]);;;;
16789248;;PetFramework_BranchDismiss_HoldTopic "Wait for me in the city..." [DIAL:01002F00];;Wait for me in the city...;PetFramework_ParentQuest [QUST:01002F1C];;
16789262;PetFramework_BranchDismiss_HomeTopic "Wait for me at home..." [DIAL:01002EFF];;[INFO:01002F0E] ('(whine)' in GRUP Topic Children of PetFramework_BranchDismiss_HomeTopic "Wait for me at home..." [DIAL:01002EFF]);;;;
16789247;;PetFramework_BranchDismiss_HomeTopic "Wait for me at home..." [DIAL:01002EFF];;Wait for me at home...;PetFramework_ParentQuest [QUST:01002F1C];;
16789268;PetFramework_SendPetWhiterun "Whiterun" [DIAL:01002EFE];;[INFO:01002F14] ([G]'(grumble)' in GRUP Topic Children of PetFramework_SendPetWhiterun "Whiterun" [DIAL:01002EFE]);;;TIF__01002F14;
16789246;;PetFramework_SendPetWhiterun "Whiterun" [DIAL:01002EFE];;Whiterun;PetFramework_ParentQuest [QUST:01002F1C];;
16789261;PetFramework_SendPetWindhelm "Windhelm" [DIAL:01002EFD];;[INFO:01002F0D] ([G]'(grumble)' in GRUP Topic Children of PetFramework_SendPetWindhelm "Windhelm" [DIAL:01002EFD]);;;TIF__01002F0D;
16789245;;PetFramework_SendPetWindhelm "Windhelm" [DIAL:01002EFD];;Windhelm;PetFramework_ParentQuest [QUST:01002F1C];;
16789260;PetFramework_SendPetRiften "Riften" [DIAL:01002EFC];;[INFO:01002F0C] ([G]'(grumble)' in GRUP Topic Children of PetFramework_SendPetRiften "Riften" [DIAL:01002EFC]);;;TIF__01002F0C;
16789244;;PetFramework_SendPetRiften "Riften" [DIAL:01002EFC];;Riften;PetFramework_ParentQuest [QUST:01002F1C];;
16789273;PetFramework_SendPetSolitude "Solitude" [DIAL:01002EFB];;[INFO:01002F19] ([G]'(grumble)' in GRUP Topic Children of PetFramework_SendPetSolitude "Solitude" [DIAL:01002EFB]);;;TIF__01002F19;
16789243;;PetFramework_SendPetSolitude "Solitude" [DIAL:01002EFB];;Solitude;PetFramework_ParentQuest [QUST:01002F1C];;
16789264;PetFramework_SendPetWinterhold "Winterhold" [DIAL:01002EFA];;[INFO:01002F10] ([G]'(grumble)' in GRUP Topic Children of PetFramework_SendPetWinterhold "Winterhold" [DIAL:01002EFA]);;;TIF__01002F10;
16789242;;PetFramework_SendPetWinterhold "Winterhold" [DIAL:01002EFA];;Winterhold;PetFramework_ParentQuest [QUST:01002F1C];;
16789269;PetFramework_SendPetMarkarth "Markarth" [DIAL:01002EF9];;[INFO:01002F15] ([G]'(grumble)' in GRUP Topic Children of PetFramework_SendPetMarkarth "Markarth" [DIAL:01002EF9]);;;TIF__01002F15;
16789241;;PetFramework_SendPetMarkarth "Markarth" [DIAL:01002EF9];;Markarth;PetFramework_ParentQuest [QUST:01002F1C];;
16789251;PetFramework_SendPetDawnstar "Dawnstar" [DIAL:01002EF8];;[INFO:01002F03] ([G]'(grumble)' in GRUP Topic Children of PetFramework_SendPetDawnstar "Dawnstar" [DIAL:01002EF8]);;;TIF__01002F03;
16789240;;PetFramework_SendPetDawnstar "Dawnstar" [DIAL:01002EF8];;Dawnstar;PetFramework_ParentQuest [QUST:01002F1C];;
16789253;PetFramework_SendPetFalkreath "Falkreath" [DIAL:01002EF7];;[INFO:01002F05] ([G]'(grumble)' in GRUP Topic Children of PetFramework_SendPetFalkreath "Falkreath" [DIAL:01002EF7]);;;TIF__01002F05;
16789239;;PetFramework_SendPetFalkreath "Falkreath" [DIAL:01002EF7];;Falkreath;PetFramework_ParentQuest [QUST:01002F1C];;
16789271;PetFramework_SendPetBreezhome "Breezehome" [DIAL:01002EF6];;[INFO:01002F17] ([G]'(grumble)' in GRUP Topic Children of PetFramework_SendPetBreezhome "Breezehome" [DIAL:01002EF6]);;;TIF__01002F17;
16789238;;PetFramework_SendPetBreezhome "Breezehome" [DIAL:01002EF6];;Breezehome;PetFramework_ParentQuest [QUST:01002F1C];;
16789265;PetFramework_SendPetHeljarchen "Heljarchen Hall" [DIAL:01002EF5];;[INFO:01002F11] ([G]'(grumble)' in GRUP Topic Children of PetFramework_SendPetHeljarchen "Heljarchen Hall" [DIAL:01002EF5]);;;TIF__01002F11;
16789237;;PetFramework_SendPetHeljarchen "Heljarchen Hall" [DIAL:01002EF5];;Heljarchen Hall;PetFramework_ParentQuest [QUST:01002F1C];;
16789270;PetFramework_SendPetHoneyside "Honeyside" [DIAL:01002EF4];;[INFO:01002F16] ([G]'(grumble)' in GRUP Topic Children of PetFramework_SendPetHoneyside "Honeyside" [DIAL:01002EF4]);;;TIF__01002F16;
16789236;;PetFramework_SendPetHoneyside "Honeyside" [DIAL:01002EF4];;Honeyside;PetFramework_ParentQuest [QUST:01002F1C];;
16789255;PetFramework_SendPetLakeview "Lakeview Manor" [DIAL:01002EF3];;[INFO:01002F07] ([G]'(grumble)' in GRUP Topic Children of PetFramework_SendPetLakeview "Lakeview Manor" [DIAL:01002EF3]);;;TIF__01002F07;
16789235;;PetFramework_SendPetLakeview "Lakeview Manor" [DIAL:01002EF3];;Lakeview Manor;PetFramework_ParentQuest [QUST:01002F1C];;
16789272;PetFramework_SendPetProudspire "Proudspire Manor" [DIAL:01002EF2];;[INFO:01002F18] ([G]'(grumble)' in GRUP Topic Children of PetFramework_SendPetProudspire "Proudspire Manor" [DIAL:01002EF2]);;;TIF__01002F18;
16789234;;PetFramework_SendPetProudspire "Proudspire Manor" [DIAL:01002EF2];;Proudspire Manor;PetFramework_ParentQuest [QUST:01002F1C];;
16789267;PetFramework_SendPetDLC2Severin "Severin Manor" [DIAL:01002EF1];;[INFO:01002F13] ([G]'(grumble)' in GRUP Topic Children of PetFramework_SendPetDLC2Severin "Severin Manor" [DIAL:01002EF1]);;;TIF__01002F13;
16789233;;PetFramework_SendPetDLC2Severin "Severin Manor" [DIAL:01002EF1];;Severin Manor;PetFramework_ParentQuest [QUST:01002F1C];;
16789263;PetFramework_SendPetVilendral "Vlindrel Hall" [DIAL:01002EF0];;[INFO:01002F0F] ([G]'(grumble)' in GRUP Topic Children of PetFramework_SendPetVilendral "Vlindrel Hall" [DIAL:01002EF0]);;;TIF__01002F0F;
16789232;;PetFramework_SendPetVilendral "Vlindrel Hall" [DIAL:01002EF0];;Vlindrel Hall;PetFramework_ParentQuest [QUST:01002F1C];;
16789256;PetFramework_SendPetWindstad "Windstad Manor" [DIAL:01002EEF];;[INFO:01002F08] ([G]'(grumble)' in GRUP Topic Children of PetFramework_SendPetWindstad "Windstad Manor" [DIAL:01002EEF]);;;TIF__01002F08;
16789231;;PetFramework_SendPetWindstad "Windstad Manor" [DIAL:01002EEF];;Windstad Manor;PetFramework_ParentQuest [QUST:01002F1C];;
16789266;PetFramework_SendPetHjerim "Hjerim" [DIAL:01002EEE];;[INFO:01002F12] ([G]'(grumble)' in GRUP Topic Children of PetFramework_SendPetHjerim "Hjerim" [DIAL:01002EEE]);;;TIF__01002F12;
16789230;;PetFramework_SendPetHjerim "Hjerim" [DIAL:01002EEE];;Hjerim;PetFramework_ParentQuest [QUST:01002F1C];;
16789259;PetFramework_BranchWaitTopic "Wait here." [DIAL:01002EED];;[INFO:01002F0B] ([G]'(grumble)' in GRUP Topic Children of PetFramework_BranchWaitTopic "Wait here." [DIAL:01002EED]);;;TIF__01002F0B;
16789229;;PetFramework_BranchWaitTopic "Wait here." [DIAL:01002EED];;Wait here.;PetFramework_ParentQuest [QUST:01002F1C];;
16789257;PetFramework_InventoryTopic "I need you to carry something..." [DIAL:01002EEC];;[INFO:01002F09] ([G]'(grumble)' in GRUP Topic Children of PetFramework_InventoryTopic "I need you to carry something..." [DIAL:01002EEC]);;;TIF__01002F09;
16789228;;PetFramework_InventoryTopic "I need you to carry something..." [DIAL:01002EEC];;I need you to carry something...;PetFramework_ParentQuest [QUST:01002F1C];;
16789252;PetFramework_BranchHomeCurrLocTopic "Stay here. This is your new home." [DIAL:01002EEB];;[INFO:01002F04] ([G]'(grumble)' in GRUP Topic Children of PetFramework_BranchHomeCurrLocTopic "Stay here. This is your new home." [DIAL:01002EEB]);;;TIF__01002F04;
16789227;;PetFramework_BranchHomeCurrLocTopic "Stay here. This is your new home." [DIAL:01002EEB];;Stay here. This is your new home.;PetFramework_ParentQuest [QUST:01002F1C];;
16789258;PetFramework_BranchWaitResumeTopic "Come with me!" [DIAL:01002EEA];;[INFO:01002F0A] ([G]'(squeal)' in GRUP Topic Children of PetFramework_BranchWaitResumeTopic "Come with me!" [DIAL:01002EEA]);;;TIF__01002F0A;
16789226;;PetFramework_BranchWaitResumeTopic "Come with me!" [DIAL:01002EEA];;Come with me!;PetFramework_ParentQuest [QUST:01002F1C];;
1012332;DecorateWindhelmKillerClutter "Clean up that murderer's mess. (<Global=HDWindhelmKiller> gold)" [DIAL:000F726A];;[INFO:000F726C] (in GRUP Topic Children of DecorateWindhelmKillerClutter "Clean up that murderer's mess. (<Global=HDWindhelmKiller> gold)" [DIAL:000F726A]);;;TIF__000F726C;
1012331;DecorateWindhelmKillerClutter "Clean up that murderer's mess. (<Global=HDWindhelmKiller> gold)" [DIAL:000F726A];;[INFO:000F726B] (in GRUP Topic Children of DecorateWindhelmKillerClutter "Clean up that murderer's mess. (<Global=HDWindhelmKiller> gold)" [DIAL:000F726A]);;;;
1012330;;DecorateWindhelmKillerClutter "Clean up that murderer's mess. (<Global=HDWindhelmKiller> gold)" [DIAL:000F726A];;Clean up that murderer's mess. (<Global=HDWindhelmKiller> gold);HousePurchase [QUST:000A7B33];;
711212;OffersTrainingTopic "I'd like training in Alchemy." [DIAL:000E3A35];;[INFO:000ADA2C] ('Use it right, and you won't feel a thing.' in GRUP Topic Children of OffersTrainingTopic "I'd like training in Alchemy." [DIAL:000E3A35]);;;TIF__000ADA2C;Can you train me to better use Heavy Armor?
932405;;OffersTrainingTopic "I'd like training in Alchemy." [DIAL:000E3A35];;I'd like training in Alchemy.;DialogueTrainers [QUST:000E3A7C];;
799881;CW00BUlfricForcegreetTopic [DIAL:000E1ABD];;[INFO:000C3489] ([SO]'I remember you... You were at Helgen with us! Come to join the war? Speak with Galmar. He handles the new recruits.' in GRUP Topic Children of CW00BUlfricForcegreetTopic [DIAL:000E1ABD]);;;TIF__000C3489;
924349;;CW00BUlfricForcegreetTopic [DIAL:000E1ABD];;;CW00B "Stormcloak Introductions" [QUST:000E1B5A];;
934063;CW03BalgruufTopic "I have an important message for you." [DIAL:000DA228];;[INFO:000E40AF] ([G]'Ah yes.' in GRUP Topic Children of CW03BalgruufTopic "I have an important message for you." [DIAL:000DA228]);;;TIF__000E40AF;About that message from the Jarl...
934062;CW03BalgruufTopic "I have an important message for you." [DIAL:000DA228];;[INFO:000E40AE] ([G]'We can talk about that once this dragon is dealt with.' in GRUP Topic Children of CW03BalgruufTopic "I have an important message for you." [DIAL:000DA228]);;;;About that message from Ulfric...
934061;CW03BalgruufTopic "I have an important message for you." [DIAL:000DA228];;[INFO:000E40AD] ('Did he now? The man is persistent, I'll give him that.' in GRUP Topic Children of CW03BalgruufTopic "I have an important message for you." [DIAL:000DA228]);;;;Jarl Ulfric Stormcloak asked me to deliver this axe to you.
893532;CW03BalgruufTopic "I have an important message for you." [DIAL:000DA228];;[INFO:000DA25C] ([G]'Ah yes. I've studied those documents... Very interesting...' in GRUP Topic Children of CW03BalgruufTopic "I have an important message for you." [DIAL:000DA228]);;;TIF__000DA25C;About that message from the General...
893531;CW03BalgruufTopic "I have an important message for you." [DIAL:000DA228];;[INFO:000DA25B] ([G]'We can talk about that once this dragon is dealt with.' in GRUP Topic Children of CW03BalgruufTopic "I have an important message for you." [DIAL:000DA228]);;;;About that message from the General...
893530;CW03BalgruufTopic "I have an important message for you." [DIAL:000DA228];;[INFO:000DA25A] ('No doubt requesting to garrison his men in my castle. How many times must I deny him?' in GRUP Topic Children of CW03BalgruufTopic "I have an important message for you." [DIAL:000DA228]);;;;I have an important message from General Tullius.
893480;;CW03BalgruufTopic "I have an important message for you." [DIAL:000DA228];;I have an important message for you.;CW03 "Message to Whiterun" [QUST:000D661C];;
934056;CW03BalgruufAxeTopic "You have a task for me?" [DIAL:000DA20A];;[INFO:000E40A8] ([G]'You can return this axe to our friend. The esteemed Jarl of Windhelm has my answer. Make sure he gets it.' in GRUP Topic Children of CW03BalgruufAxeTopic "You have a task for me?" [DIAL:000DA20A]);;;TIF__000E40A8;
893506;CW03BalgruufAxeTopic "You have a task for me?" [DIAL:000DA20A];;[INFO:000DA242] ('Deliver this axe to Ulfric Stormcloak.' in GRUP Topic Children of CW03BalgruufAxeTopic "You have a task for me?" [DIAL:000DA20A]);;;TIF__000DA242;
799879;CW03BalgruufAxeTopic "You have a task for me?" [DIAL:000DA20A];;[INFO:000C3487] ([SO]'I've made up my mind, even if my advisors are still squabbling. I'm sending you to Windhelm.' in GRUP Topic Children of CW03BalgruufAxeTopic "You have a task for me?" [DIAL:000DA20A]);;;;
893450;;CW03BalgruufAxeTopic "You have a task for me?" [DIAL:000DA20A];;You have a task for me?;CW03 "Message to Whiterun" [QUST:000D661C];;
889817;BardsCollegeFluteEndTopic "I recovered your flute." [DIAL:000D93D2];;[INFO:000D93D9] ([SO]'That's it! Wonderful! I knew I could count on you.' in GRUP Topic Children of BardsCollegeFluteEndTopic "I recovered your flute." [DIAL:000D93D2]);;;TIF__000D93D9;
889810;;BardsCollegeFluteEndTopic "I recovered your flute." [DIAL:000D93D2];;I recovered your flute.;BardsCollegeFlute "Pantea's Flute" [QUST:000D9431];;
799883;CW00TulliusForcegreetTopic "Hello." [DIAL:000D5116];;[INFO:000C348B] ([SO]'I remember you, you were at Helgen. Speak to Legate Rikke. I suspect we could use someone like you.' in GRUP Topic Children of CW00TulliusForcegreetTopic "Hello." [DIAL:000D5116]);;;TIF__000C348B;
872726;;CW00TulliusForcegreetTopic "Hello." [DIAL:000D5116];;Hello.;CW00A "Imperial Introductions" [QUST:000D3C5F];;
832106;[DIAL:000CB268];;[INFO:000CB26A] ([R]'Begone from here! Get out of this orphanage! Help!Somebody help me!' in GRUP Topic Children of [DIAL:000CB268]);;;;
832105;[DIAL:000CB268];;[INFO:000CB269] ([R]'Just... leave here! Leave us alone!' in GRUP Topic Children of [DIAL:000CB268]);;;;
832104;;[DIAL:000CB268];;;DialogueRiften "Riften Dialogue" [QUST:000368D8];;
827157;DB09GiannaRaceKhajiitTopic [DIAL:000C9F14];;[INFO:000C9F15] ('Oh, well, it's just... I never imagined the Gourmet was a Khajiit. You know, because of all the fur, and the potential for getting hair in the...' in GRUP Topic Children of DB09GiannaRaceKhajiitTopic [DIAL:000C9F14]);;;;Yes?
827156;;DB09GiannaRaceKhajiitTopic [DIAL:000C9F14];;;DB09 "To Kill an Empire" [QUST:0001EA58];;
760132;DCETAttack "DCETAttack" [DIAL:000B876A];;[INFO:000B9944] ([R][RE]'Aggh!' in GRUP Topic Children of DCETAttack "DCETAttack" [DIAL:000B876A]);;;;
760108;DCETAttack "DCETAttack" [DIAL:000B876A];;[INFO:000B992C] ([R]'Rragh!' in GRUP Topic Children of DCETAttack "DCETAttack" [DIAL:000B876A]);;;;
755562;;DCETAttack "DCETAttack" [DIAL:000B876A];;DCETAttack;DialogueCombatEncounterTypes "Encounter Combat Dialogue" [QUST:000B8774];;
706898;PerkInvestorBranch1Topic1 "I'd like to make an investment in your business." [DIAL:000ABD89];;[INFO:000AC952] (in GRUP Topic Children of PerkInvestorBranch1Topic1 "I'd like to make an investment in your business." [DIAL:000ABD89]);;;;
706897;PerkInvestorBranch1Topic1 "I'd like to make an investment in your business." [DIAL:000ABD89];;[INFO:000AC951] (in GRUP Topic Children of PerkInvestorBranch1Topic1 "I'd like to make an investment in your business." [DIAL:000ABD89]);;;;
703881;;PerkInvestorBranch1Topic1 "I'd like to make an investment in your business." [DIAL:000ABD89];;I'd like to make an investment in your business.;PerkInvestor [QUST:000ABD94];;
706910;PerkInvestorReply2 "Let's see what you can do with this. (<Global=InvestAmount> gold)" [DIAL:000ABD87];;[INFO:000AC95E] (in GRUP Topic Children of PerkInvestorReply2 "Let's see what you can do with this. (<Global=InvestAmount> gold)" [DIAL:000ABD87]);;;TIF__000AC95E;
706908;PerkInvestorReply2 "Let's see what you can do with this. (<Global=InvestAmount> gold)" [DIAL:000ABD87];;[INFO:000AC95C] (in GRUP Topic Children of PerkInvestorReply2 "Let's see what you can do with this. (<Global=InvestAmount> gold)" [DIAL:000ABD87]);;;TIF__000AC95C;
703879;;PerkInvestorReply2 "Let's see what you can do with this. (<Global=InvestAmount> gold)" [DIAL:000ABD87];;Let's see what you can do with this. (<Global=InvestAmount> gold);PerkInvestor [QUST:000ABD94];;
686878;HousePurchaseResponse1 "I'll take it." [DIAL:000A7B18];;[INFO:000A7B1E] (in GRUP Topic Children of HousePurchaseResponse1 "I'll take it." [DIAL:000A7B18]);;;TIF__000A7B1E;
686872;;HousePurchaseResponse1 "I'll take it." [DIAL:000A7B18];;I'll take it.;HousePurchase [QUST:000A7B33];;
138487;DialogueRiftenGoodbyes "DialogueRiftenGoodbyes" [DIAL:000A4027];;[INFO:00021CF7] ('Just get out of here.' in GRUP Topic Children of DialogueRiftenGoodbyes "DialogueRiftenGoodbyes" [DIAL:000A4027]);;;;
671783;;DialogueRiftenGoodbyes "DialogueRiftenGoodbyes" [DIAL:000A4027];;DialogueRiftenGoodbyes;DialogueRiften "Riften Dialogue" [QUST:000368D8];;
647175;MS06StyrrAdvice02 "And now that Potema has returned?" [DIAL:0009DFFE];;[INFO:0009E007] ('Summoned in spirit form is not raised from the dead. She'll need help before she can return to the living.' in GRUP Topic Children of MS06StyrrAdvice02 "And now that Potema has returned?" [DIAL:0009DFFE]);;;TIF__0009E007;
647166;;MS06StyrrAdvice02 "And now that Potema has returned?" [DIAL:0009DFFE];;And now that Potema has returned?;MS06 "The Wolf Queen Awakened" [QUST:00026C4D];;
647177;MS06StyrrAdvice03b "I can do that." [DIAL:0009DFFD];;[INFO:0009E009] ('Good. Being at the summoning created a connection to Potema, you are the one to do this.' in GRUP Topic Children of MS06StyrrAdvice03b "I can do that." [DIAL:0009DFFD]);;;TIF__0009E009;
647165;;MS06StyrrAdvice03b "I can do that." [DIAL:0009DFFD];;I can do that.;MS06 "The Wolf Queen Awakened" [QUST:00026C4D];;
647174;MS06StyrrAdvice04 [DIAL:0009DFFC];;[INFO:0009E006] ('As to Potema herself, find what's left of her body, likely a skeleton. Remove it from the Catacombs and bring it back to be sanctified by Arkay.' in GRUP Topic Children of MS06StyrrAdvice04 [DIAL:0009DFFC]);;;TIF__0009E006;
647164;;MS06StyrrAdvice04 [DIAL:0009DFFC];;;MS06 "The Wolf Queen Awakened" [QUST:00026C4D];;
165092;MS06StyrrHelloTopic "Falk sent me to talk to you about Potema." [DIAL:0009DFFB];;[INFO:000284E4] ('Ah Potema. Former queen of Solitude and one of the most dangerous necromancers in recorded history.' in GRUP Topic Children of MS06StyrrHelloTopic "Falk sent me to talk to you about Potema." [DIAL:0009DFFB]);;;;
647163;;MS06StyrrHelloTopic "Falk sent me to talk to you about Potema." [DIAL:0009DFFB];;Falk sent me to talk to you about Potema.;MS06 "The Wolf Queen Awakened" [QUST:00026C4D];;
642253;WhiterunOlavaTokenBranchTopic [DIAL:0009CCCA];;[INFO:0009CCCD] ('Token, you say? Let me see.' in GRUP Topic Children of WhiterunOlavaTokenBranchTopic [DIAL:0009CCCA]);;;;I have this token for you.
642250;;WhiterunOlavaTokenBranchTopic [DIAL:0009CCCA];;;DialogueWhiterun "Whiterun City Dialogue" [QUST:000270A4];;
642254;WhiterunOlavaReadingTopic1 "WhiterunOlavaReadingTopic1" [DIAL:0009CCC9];;[INFO:0009CCCE] ('Hmph. Yes. Yes, I surely can. It's not something I do lightly, mind you, and it's not as specific as you might want. But yes. I will do this for you.' in GRUP Topic Children of WhiterunOlavaReadingTopic1 "WhiterunOlavaReadingTopic1" [DIAL:0009CCC9]);;;;I was told you could see my future.
642249;;WhiterunOlavaReadingTopic1 "WhiterunOlavaReadingTopic1" [DIAL:0009CCC9];;WhiterunOlavaReadingTopic1;DialogueWhiterun "Whiterun City Dialogue" [QUST:000270A4];;
642251;WhiterunOlavaReadingTopic3 [DIAL:0009CCC7];;[INFO:0009CCCB] ([G]'No... no, that is all. Now... now please. I find myself very weary all of sudden.' in GRUP Topic Children of WhiterunOlavaReadingTopic3 [DIAL:0009CCC7]);;;TIF__0009CCCB;Is there anything else?
642247;;WhiterunOlavaReadingTopic3 [DIAL:0009CCC7];;;DialogueWhiterun "Whiterun City Dialogue" [QUST:000270A4];;
93352;DialogueRiftenHonorhallKidsBranchTopic [DIAL:0008BBC9];;[INFO:00016CA8] ('Aventus Aretino? He only lived here for awhile. I think his mother got sick and died or something. Anyway, he's gone now. He ran away.' in GRUP Topic Children of DialogueRiftenHonorhallKidsBranchTopic [DIAL:0008BBC9]);;;TIF__00016CA8;Who is Aventus?
93351;DialogueRiftenHonorhallKidsBranchTopic [DIAL:0008BBC9];;[INFO:00016CA7] ('Oh, Aventus Aretino. He was sent here when his mother died, but he ran away.' in GRUP Topic Children of DialogueRiftenHonorhallKidsBranchTopic [DIAL:0008BBC9]);;;TIF__00016CA7;Who is Aventus?
93350;DialogueRiftenHonorhallKidsBranchTopic [DIAL:0008BBC9];;[INFO:00016CA6] ('A little boy who lived here. Aventus Aretino. He was nice, but really quiet, and sad, because his mother just died.' in GRUP Topic Children of DialogueRiftenHonorhallKidsBranchTopic [DIAL:0008BBC9]);;;TIF__00016CA6;Who is Aventus?
93349;DialogueRiftenHonorhallKidsBranchTopic [DIAL:0008BBC9];;[INFO:00016CA5] ('Aventus Aretino. He was sent to live here after his mother died. He escaped. And...' in GRUP Topic Children of DialogueRiftenHonorhallKidsBranchTopic [DIAL:0008BBC9]);;;TIF__00016CA5;Who is Aventus?
572361;;DialogueRiftenHonorhallKidsBranchTopic [DIAL:0008BBC9];;;DialogueRiften "Riften Dialogue" [QUST:000368D8];;
945320;MQ302CouncilBlockingTopic [DIAL:00088728];;[INFO:000E6CA8] ([G][R]'Talking peace with Ulfric? You must be an optimist.' in GRUP Topic Children of MQ302CouncilBlockingTopic [DIAL:00088728]);;;;
945319;MQ302CouncilBlockingTopic [DIAL:00088728];;[INFO:000E6CA7] ([G]'I don't know how you convinced Ulfric to talk to the Empire. Worse than a waste of time if you ask me.' in GRUP Topic Children of MQ302CouncilBlockingTopic [DIAL:00088728]);;;;
558930;MQ302CouncilBlockingTopic [DIAL:00088728];;[INFO:00088752] ([G]'When has any good ever come from talking to the Empire?' in GRUP Topic Children of MQ302CouncilBlockingTopic [DIAL:00088728]);;;;
558929;MQ302CouncilBlockingTopic [DIAL:00088728];;[INFO:00088751] ([G]'I'll come to your council. But I doubt any good will come of it.' in GRUP Topic Children of MQ302CouncilBlockingTopic [DIAL:00088728]);;;;
558927;MQ302CouncilBlockingTopic [DIAL:00088728];;[INFO:0008874F] ([G]'Don't worry, I'll come to this peace council of yours.' in GRUP Topic Children of MQ302CouncilBlockingTopic [DIAL:00088728]);;;;
558888;;MQ302CouncilBlockingTopic [DIAL:00088728];;;MQ302 "Season Unending" [QUST:00045923];;
760056;DCETHit [DIAL:00085494];;[INFO:000B98F8] ([R][RE]'Oof!' in GRUP Topic Children of DCETHit [DIAL:00085494]);;;;
760028;DCETHit [DIAL:00085494];;[INFO:000B98DC] ([R]'Unh!' in GRUP Topic Children of DCETHit [DIAL:00085494]);;;;
545940;;DCETHit [DIAL:00085494];;;DialogueCombatEncounterTypes "Encounter Combat Dialogue" [QUST:000B8774];;
760103;DCETDeath [DIAL:00085493];;[INFO:000B9927] ([R][RE]'Unnff...' in GRUP Topic Children of DCETDeath [DIAL:00085493]);;;;
760075;DCETDeath [DIAL:00085493];;[INFO:000B990B] ([R]'Uggh...' in GRUP Topic Children of DCETDeath [DIAL:00085493]);;;;
545939;;DCETDeath [DIAL:00085493];;;DialogueCombatEncounterTypes "Encounter Combat Dialogue" [QUST:000B8774];;
456379;C01SkjorUponReturnBranchTopic [DIAL:0006F6B3];;[INFO:0006F6BB] ('Ah, you're back.' in GRUP Topic Children of C01SkjorUponReturnBranchTopic [DIAL:0006F6B3]);;;TIF__0006F6BB;
456371;;C01SkjorUponReturnBranchTopic [DIAL:0006F6B3];;;C01 "Proving Honor" [QUST:0006E803];;
416497;FFRiftenThaneJarlBranchTopic "Is there anything I can help Riften with?" [DIAL:00065AD6];;[INFO:00065AF1] ('So, I've been hearing your name in court quite a bit lately.' in GRUP Topic Children of FFRiftenThaneJarlBranchTopic "Is there anything I can help Riften with?" [DIAL:00065AD6]);;;;
416496;FFRiftenThaneJarlBranchTopic "Is there anything I can help Riften with?" [DIAL:00065AD6];;[INFO:00065AF0] ('Ah, there you are. I was wondering when you'd visit us again.' in GRUP Topic Children of FFRiftenThaneJarlBranchTopic "Is there anything I can help Riften with?" [DIAL:00065AD6]);;;;
416470;;FFRiftenThaneJarlBranchTopic "Is there anything I can help Riften with?" [DIAL:00065AD6];;Is there anything I can help Riften with?;FreeformRiftenThane "I Done Got Thaned!" [QUST:00065BDF];;
416493;FFRiftenThaneJarlBranchTopic01 "Regarding what, my lady?" [DIAL:00065AAA];;[INFO:00065AED] ('Oh don't pretend to be modest. I'm talking about your new role as champion. Apparently, you've taken my people under your wing.' in GRUP Topic Children of FFRiftenThaneJarlBranchTopic01 "Regarding what, my lady?" [DIAL:00065AAA]);;;TIF__00065AED;
416492;FFRiftenThaneJarlBranchTopic01 "Regarding what, my lady?" [DIAL:00065AAA];;[INFO:00065AEC] ('Much like Mjoll, you've become champion of our hold; helping people with their difficulties and providing assistance for their needs.' in GRUP Topic Children of FFRiftenThaneJarlBranchTopic01 "Regarding what, my lady?" [DIAL:00065AAA]);;;TIF__00065AEC;
416426;;FFRiftenThaneJarlBranchTopic01 "Regarding what, my lady?" [DIAL:00065AAA];;Regarding what, my lady?;FreeformRiftenThane "I Done Got Thaned!" [QUST:00065BDF];;
416487;FFRiftenThaneDoneBranchTopic01 "Thank you." [DIAL:00065AA9];;[INFO:00065AE7] ('I expect that you'll distance yourself from the affairs of state. In other words, keep your nose out of my business and we'll do just fine.' in GRUP Topic Children of FFRiftenThaneDoneBranchTopic01 "Thank you." [DIAL:00065AA9]);;;TIF__00065AE7;I've purchased Honeyside.
416486;FFRiftenThaneDoneBranchTopic01 "Thank you." [DIAL:00065AA9];;[INFO:00065AE6] ('I should be the one thanking you. You've solved more problems in the short time you've been here then anyone in my court has their entire careers.' in GRUP Topic Children of FFRiftenThaneDoneBranchTopic01 "Thank you." [DIAL:00065AA9]);;;TIF__00065AE6;
416425;;FFRiftenThaneDoneBranchTopic01 "Thank you." [DIAL:00065AA9];;Thank you.;FreeformRiftenThane "I Done Got Thaned!" [QUST:00065BDF];;
416501;FFRiftenThaneContBranchTopic "I would be honored to accept." [DIAL:000659FA];;[INFO:00065AF5] ('You damn well better.' in GRUP Topic Children of FFRiftenThaneContBranchTopic "I would be honored to accept." [DIAL:000659FA]);;;TIF__00065AF5;
416500;FFRiftenThaneContBranchTopic "I would be honored to accept." [DIAL:000659FA];;[INFO:00065AF4] ('You've already taken all the necessary steps in becoming eligible for the title.' in GRUP Topic Children of FFRiftenThaneContBranchTopic "I would be honored to accept." [DIAL:000659FA]);;;TIF__00065AF4;
416250;;FFRiftenThaneContBranchTopic "I would be honored to accept." [DIAL:000659FA];;I would be honored to accept.;FreeformRiftenThane "I Done Got Thaned!" [QUST:00065BDF];;
416507;FFRiftenThaneReturnViewTopic "I've purchased Honeyside." [DIAL:000659F7];;[INFO:00065AFB] ('Hmm? What's this about?' in GRUP Topic Children of FFRiftenThaneReturnViewTopic "I've purchased Honeyside." [DIAL:000659F7]);;;TIF__00065AFB;
416506;FFRiftenThaneReturnViewTopic "I've purchased Honeyside." [DIAL:000659F7];;[INFO:00065AFA] ('Then allow me to officially welcome you to Riften. You'll make a fine addition to our city.' in GRUP Topic Children of FFRiftenThaneReturnViewTopic "I've purchased Honeyside." [DIAL:000659F7]);;;TIF__00065AFA;
416247;;FFRiftenThaneReturnViewTopic "I've purchased Honeyside." [DIAL:000659F7];;I've purchased Honeyside.;FreeformRiftenThane "I Done Got Thaned!" [QUST:00065BDF];;
394515;DA02BoethiahSlayFriendReasonsPrivate "My reasons are my own." [DIAL:00060512];;[INFO:00060513] ('Indeed. But I abide only those whose will is aligned to my own. Those who oppose my desires perish in the most dreadful of ways.' in GRUP Topic Children of DA02BoethiahSlayFriendReasonsPrivate "My reasons are my own." [DIAL:00060512]);;;TIF__00060513;
394514;;DA02BoethiahSlayFriendReasonsPrivate "My reasons are my own." [DIAL:00060512];;My reasons are my own.;DA02 "Boethiah's Calling" [QUST:0004D8D6];;
392318;DA02BoethiahExplain [DIAL:0005FC7A];;[INFO:0005FC7E] ([SO] in GRUP Topic Children of DA02BoethiahExplain [DIAL:0005FC7A]);;;;
392317;DA02BoethiahExplain [DIAL:0005FC7A];;[INFO:0005FC7D] ([SO] in GRUP Topic Children of DA02BoethiahExplain [DIAL:0005FC7A]);;;;
392314;;DA02BoethiahExplain [DIAL:0005FC7A];;;DA02 "Boethiah's Calling" [QUST:0004D8D6];;
478641;DB06GabriellaQuestCompleteGreetTopic [DIAL:00059630];;[INFO:00074DB1] ([G]'Why are you here? Killing Gaius Maro is but the first step of your contract - you must also plant the incriminating letter on his body...' in GRUP Topic Children of DB06GabriellaQuestCompleteGreetTopic [DIAL:00059630]);;;;
366132;DB06GabriellaQuestCompleteGreetTopic [DIAL:00059630];;[INFO:00059634] ('Ah, at last. I've been anxiously awaiting your return.' in GRUP Topic Children of DB06GabriellaQuestCompleteGreetTopic [DIAL:00059630]);;;;
366128;;DB06GabriellaQuestCompleteGreetTopic [DIAL:00059630];;;DB06 "Breaching Security" [QUST:0001EA55];;
317626;DA02BoethiahDeadFriendSlain "I have slain <Alias=DeadFriend> to gain your favor." [DIAL:0004D88F];;[INFO:0004D8BA] ('My favor?' in GRUP Topic Children of DA02BoethiahDeadFriendSlain "I have slain <Alias=DeadFriend> to gain your favor." [DIAL:0004D88F]);;;TIF__0004D8BA;
317583;;DA02BoethiahDeadFriendSlain "I have slain <Alias=DeadFriend> to gain your favor." [DIAL:0004D88F];;I have slain <Alias=DeadFriend> to gain your favor.;DA02 "Boethiah's Calling" [QUST:0004D8D6];;
310443;DB09GiannaRaceImperialTopic [DIAL:0004BC8E];;[INFO:0004BCAB] ('Well, I don't mean to seem disappointed, but... I just never figured the Gourmet was an Imperial. I had dreamed of something more exotic, maybe...' in GRUP Topic Children of DB09GiannaRaceImperialTopic [DIAL:0004BC8E]);;;;Yes?
310414;;DB09GiannaRaceImperialTopic [DIAL:0004BC8E];;;DB09 "To Kill an Empire" [QUST:0001EA58];;
310433;DB09GiannaRaceRedguardTopic [DIAL:0004BC8D];;[INFO:0004BCA1] ('Well, I'm just surprised the Gourmet is a Redguard. I had you pegged for a Wood Elf, honestly. You know, because of your use of...' in GRUP Topic Children of DB09GiannaRaceRedguardTopic [DIAL:0004BC8D]);;;;Yes?
310413;;DB09GiannaRaceRedguardTopic [DIAL:0004BC8D];;;DB09 "To Kill an Empire" [QUST:0001EA58];;
310456;DB09GiannaRaceNordTopic [DIAL:0004BC8C];;[INFO:0004BCB8] ('You're a Nord! I never would have guessed it! But where in the world did you learn to cook like that? Here in Skyrim? Or maybe somewhere less...' in GRUP Topic Children of DB09GiannaRaceNordTopic [DIAL:0004BC8C]);;;;Yes?
310412;;DB09GiannaRaceNordTopic [DIAL:0004BC8C];;;DB09 "To Kill an Empire" [QUST:0001EA58];;
310461;DB09GiannaRaceBretonTopic [DIAL:0004BC8B];;[INFO:0004BCBD] ('Well, I just never expected the Gourmet to be a Breton. It almost seems too obvious. Some of the greatest cooks have been Bretons, and...' in GRUP Topic Children of DB09GiannaRaceBretonTopic [DIAL:0004BC8B]);;;;Yes?
310411;;DB09GiannaRaceBretonTopic [DIAL:0004BC8B];;;DB09 "To Kill an Empire" [QUST:0001EA58];;
310465;DB09GiannaRaceOrcTopic [DIAL:0004BC8A];;[INFO:0004BCC1] ('It's just... Well... you're an Orc! Ha ha ha! If the people of the Empire only knew! I mean, now I understand your need for secrecy. Most would...' in GRUP Topic Children of DB09GiannaRaceOrcTopic [DIAL:0004BC8A]);;;;Yes?
310410;;DB09GiannaRaceOrcTopic [DIAL:0004BC8A];;;DB09 "To Kill an Empire" [QUST:0001EA58];;
310429;DB09GiannaRaceHighElfTopic [DIAL:0004BC89];;[INFO:0004BC9D] ('You're a High Elf! I... I never would have guessed it. So many of your recipes are clearly aimed at the commonfolk. It just seems...' in GRUP Topic Children of DB09GiannaRaceHighElfTopic [DIAL:0004BC89]);;;;Yes?
310409;;DB09GiannaRaceHighElfTopic [DIAL:0004BC89];;;DB09 "To Kill an Empire" [QUST:0001EA58];;
310439;DB09GiannaRaceWoodElfTopic [DIAL:0004BC88];;[INFO:0004BCA7] ('I guessed right! I... I always imagined the great Gourmet was a Wood Elf. You see, only someone with a knowledge of woodland herbs could combine...' in GRUP Topic Children of DB09GiannaRaceWoodElfTopic [DIAL:0004BC88]);;;;Yes?
310408;;DB09GiannaRaceWoodElfTopic [DIAL:0004BC88];;;DB09 "To Kill an Empire" [QUST:0001EA58];;
310462;DB09GiannaRaceDarkElfTopic [DIAL:0004BC87];;[INFO:0004BCBE] ('I... Well, I just can't believe the Gourmet is a Dark Elf. How difficult it must have been for you in Morrowind. The food there is...' in GRUP Topic Children of DB09GiannaRaceDarkElfTopic [DIAL:0004BC87]);;;;Yes?
310407;;DB09GiannaRaceDarkElfTopic [DIAL:0004BC87];;;DB09 "To Kill an Empire" [QUST:0001EA58];;
310446;DB09GiannaRaceArgonianTopic [DIAL:0004BC86];;[INFO:0004BCAE] ('You... you're an Argonian! Where did you learn to cook like that? Surely not in Black Marsh. Why even the...' in GRUP Topic Children of DB09GiannaRaceArgonianTopic [DIAL:0004BC86]);;;;Yes?
310406;;DB09GiannaRaceArgonianTopic [DIAL:0004BC86];;;DB09 "To Kill an Empire" [QUST:0001EA58];;
267662;MS06StyrrAdvice03a "Wait, you want me to go do this alone?" [DIAL:0004158D];;[INFO:0004158E] ('Yes. I had Falk call you back because you were at the summoning, you have a connection to Potema now. You must deal with her.' in GRUP Topic Children of MS06StyrrAdvice03a "Wait, you want me to go do this alone?" [DIAL:0004158D]);;;TIF__0004158E;
267661;;MS06StyrrAdvice03a "Wait, you want me to go do this alone?" [DIAL:0004158D];;Wait, you want me to go do this alone?;MS06 "The Wolf Queen Awakened" [QUST:00026C4D];;
671788;DialogueRiftenHellos [DIAL:00040760];;[INFO:000A402C] ([G]'Grelod... murdered. Here. I... I need... air... You... you... Get out of here! Get out!' in GRUP Topic Children of DialogueRiftenHellos [DIAL:00040760]);;;;
572381;DialogueRiftenHellos [DIAL:00040760];;[INFO:0008BBDD] ('Constance don't care much for strangers in the orphanage. Afraid someone might hurt one of us kids. Which, I gotta admit, is kind of nice.' in GRUP Topic Children of DialogueRiftenHellos [DIAL:00040760]);;;;
93348;DialogueRiftenHellos [DIAL:00040760];;[INFO:00016CA4] ([G]'When Aventus took off, when he said those things, about killing Grelod... I never imagined he was serious...' in GRUP Topic Children of DialogueRiftenHellos [DIAL:00040760]);;;;
853401;DialogueRiftenHellos [DIAL:00040760];;[INFO:000D0599] ('Things are much better now that Grelod is dead, but still. I'm sick of this place.' in GRUP Topic Children of DialogueRiftenHellos [DIAL:00040760]);;;;
93347;DialogueRiftenHellos [DIAL:00040760];;[INFO:00016CA3] ([SO]'When Aventus escaped, Grelod was so mad. I got double the beatings that day. But that won't happen ever again.' in GRUP Topic Children of DialogueRiftenHellos [DIAL:00040760]);;;TIF__00016CA3;
572377;DialogueRiftenHellos [DIAL:00040760];;[INFO:0008BBD9] ([G]'Kill one person, and you can solve so many problems. I wonder at the possibilities.' in GRUP Topic Children of DialogueRiftenHellos [DIAL:00040760]);;;;
93346;DialogueRiftenHellos [DIAL:00040760];;[INFO:00016CA2] ([SO]'I do hope mummy and father come to get me soon. Ever since that Aventus boy left, this place has gone mad.' in GRUP Topic Children of DialogueRiftenHellos [DIAL:00040760]);;;TIF__00016CA2;
572371;DialogueRiftenHellos [DIAL:00040760];;[INFO:0008BBD3] ([G]'I can't believe it! Grelod is dead! She's really dead!' in GRUP Topic Children of DialogueRiftenHellos [DIAL:00040760]);;;TIF__0008BBD3;
572368;DialogueRiftenHellos [DIAL:00040760];;[INFO:0008BBD0] ('I used to hate it here, but it's not so bad anymore. Constance is real good to us.' in GRUP Topic Children of DialogueRiftenHellos [DIAL:00040760]);;;;
93345;DialogueRiftenHellos [DIAL:00040760];;[INFO:00016CA1] ([G]'When Aventus escaped, Grelod got meaner than ever. I really thought she was going to kill one of us. Guess not!' in GRUP Topic Children of DialogueRiftenHellos [DIAL:00040760]);;;TIF__00016CA1;
271286;DialogueRiftenHellos [DIAL:00040760];;[INFO:000423B6] ('I apologize in advance for my husband's crankiness; I promise you he means well.' in GRUP Topic Children of DialogueRiftenHellos [DIAL:00040760]);;;;
271048;DialogueRiftenHellos [DIAL:00040760];;[INFO:000422C8] ('You have some nerve coming back here after what you did to Keerava.' in GRUP Topic Children of DialogueRiftenHellos [DIAL:00040760]);;;;
264032;;DialogueRiftenHellos [DIAL:00040760];;;DialogueRiften "Riften Dialogue" [QUST:000368D8];;
399552;[DIAL:00037B3A];;[INFO:000618C0] ([G]'My son is dead! At his own wedding! Only those Imperial dogs would have dared do something like this! Damn them all to Oblivion!' in GRUP Topic Children of [DIAL:00037B3A]);;;;
399540;[DIAL:00037B3A];;[INFO:000618B4] ([G]'By all the gods, the groom has been killed. At his own wedding! I can only think of my own husband...' in GRUP Topic Children of [DIAL:00037B3A]);;;;
228188;[DIAL:00037B3A];;[INFO:00037B5C] ([G]'Oh, Asgeir! My husband! My dear, sweet husband! Why would someone do this to you? Why? This was supposed to be the happiest day of my life!' in GRUP Topic Children of [DIAL:00037B3A]);;;TIF__00037B5C;
228154;;[DIAL:00037B3A];;;DB05 "Bound Until Death" [QUST:0001EA54];;
223736;DialogueRiftenUngrienBlackBriarBranchTopic "Tell me about Maven Black-Briar." [DIAL:000369D2];;[INFO:000369F8] ('She's an absolute pleasure to work for! In fact, I almost feel guilty accepting pay from her.' in GRUP Topic Children of DialogueRiftenUngrienBlackBriarBranchTopic "Tell me about Maven Black-Briar." [DIAL:000369D2]);;;;
223698;;DialogueRiftenUngrienBlackBriarBranchTopic "Tell me about Maven Black-Briar." [DIAL:000369D2];;Tell me about Maven Black-Briar.;DialogueRiften "Riften Dialogue" [QUST:000368D8];;
223795;DialogueRiftenUngrienBlackBriarBranchTopic01 "Come on, get the truth off your chest. (Persuade)" [DIAL:000369D1];;[INFO:00036A33] ('That is the truth, my friend! Maven is a saint and don't let anyone tell you otherwise.' in GRUP Topic Children of DialogueRiftenUngrienBlackBriarBranchTopic01 "Come on, get the truth off your chest. (Persuade)" [DIAL:000369D1]);;;;
223794;DialogueRiftenUngrienBlackBriarBranchTopic01 "Come on, get the truth off your chest. (Persuade)" [DIAL:000369D1];;[INFO:00036A32] (in GRUP Topic Children of DialogueRiftenUngrienBlackBriarBranchTopic01 "Come on, get the truth off your chest. (Persuade)" [DIAL:000369D1]);;;TIF__00036A32;
223697;;DialogueRiftenUngrienBlackBriarBranchTopic01 "Come on, get the truth off your chest. (Persuade)" [DIAL:000369D1];;Come on, get the truth off your chest. (Persuade);DialogueRiften "Riften Dialogue" [QUST:000368D8];;
223780;DialogueRiftenUngrienBlackBriarBranchTopic03 "Here, now tell me the truth. (<BribeCost> gold)" [DIAL:000369CF];;[INFO:00036A24] ('It's going to take a lot more than that.' in GRUP Topic Children of DialogueRiftenUngrienBlackBriarBranchTopic03 "Here, now tell me the truth. (<BribeCost> gold)" [DIAL:000369CF]);;;;
223752;DialogueRiftenUngrienBlackBriarBranchTopic03 "Here, now tell me the truth. (<BribeCost> gold)" [DIAL:000369CF];;[INFO:00036A08] (in GRUP Topic Children of DialogueRiftenUngrienBlackBriarBranchTopic03 "Here, now tell me the truth. (<BribeCost> gold)" [DIAL:000369CF]);;;TIF__00036A08;
223695;;DialogueRiftenUngrienBlackBriarBranchTopic03 "Here, now tell me the truth. (<BribeCost> gold)" [DIAL:000369CF];;Here, now tell me the truth. (<BribeCost> gold);DialogueRiften "Riften Dialogue" [QUST:000368D8];;
223738;DialogueRiftenUngrienBlackBriarBranchTopic04 "Glad you're so happy." [DIAL:000369CD];;[INFO:000369FA] ('Sure am! I thank my lucky stars every time I look to the night sky that Maven took me in and gave me this opportunity.' in GRUP Topic Children of DialogueRiftenUngrienBlackBriarBranchTopic04 "Glad you're so happy." [DIAL:000369CD]);;;;
223693;;DialogueRiftenUngrienBlackBriarBranchTopic04 "Glad you're so happy." [DIAL:000369CD];;Glad you're so happy.;DialogueRiften "Riften Dialogue" [QUST:000368D8];;
217313;DB07AstridCiceroDeadYesChoice "DB07AstridCiceroDeadYesChoice" [DIAL:000350DC];;[INFO:000350E1] (in GRUP Topic Children of DB07AstridCiceroDeadYesChoice "DB07AstridCiceroDeadYesChoice" [DIAL:000350DC]);;;;Yes, Cicero is dead.
217308;;DB07AstridCiceroDeadYesChoice "DB07AstridCiceroDeadYesChoice" [DIAL:000350DC];;DB07AstridCiceroDeadYesChoice;DarkBrotherhood "Dark Brotherhood" [QUST:0001EA5C];;
842216;DGCrimeBlockingHelloTopic [DIAL:00034035];;[INFO:000CD9E8] ([R][RE] in GRUP Topic Children of DGCrimeBlockingHelloTopic [DIAL:00034035]);;;TIF__000CD9E8;
842215;DGCrimeBlockingHelloTopic [DIAL:00034035];;[INFO:000CD9E7] ([R] in GRUP Topic Children of DGCrimeBlockingHelloTopic [DIAL:00034035]);;;TIF__000CD9E7;
213045;;DGCrimeBlockingHelloTopic [DIAL:00034035];;;DialogueCrimeGuards "Generic crime dialogue" [QUST:000267EB];;
182496;MG04Stage20AncanoHallBranchTopic "What is it you want me to do?" [DIAL:0002C8C1];;[INFO:0002C8E0] ([G]'Now, you are going to speak to this... Monk... and find out why he is here, and then he will be removed from College grounds.' in GRUP Topic Children of MG04Stage20AncanoHallBranchTopic "What is it you want me to do?" [DIAL:0002C8C1]);;;TIF__0002C8E0;
182465;;MG04Stage20AncanoHallBranchTopic "What is it you want me to do?" [DIAL:0002C8C1];;What is it you want me to do?;MG04 "Good Intentions" [QUST:0001F254];;
180821;MS12QuintusRepairingPhialBranchTopic "I have the materials you requested." [DIAL:0002C24C];;[INFO:0002C255] ([G]'Thank the gods. I'll get to work on the Phial straight away.' in GRUP Topic Children of MS12QuintusRepairingPhialBranchTopic "I have the materials you requested." [DIAL:0002C24C]);;;TIF__0002C255;
180812;;MS12QuintusRepairingPhialBranchTopic "I have the materials you requested." [DIAL:0002C24C];;I have the materials you requested.;MS12 "The White Phial" [QUST:0002C258];;
666821;DBAstridSecondGreetForcegreet [DIAL:0002B831];;[INFO:000A2CC5] ('Well, well. Aren't we the overachiever. Three possibilities, three victims. Must have been one of them, right? So why take chances...' in GRUP Topic Children of DBAstridSecondGreetForcegreet [DIAL:0002B831]);;;;
666820;DBAstridSecondGreetForcegreet [DIAL:0002B831];;[INFO:000A2CC4] ('Hmm. The fearless wife and mother, and the underhanded Khajiit. Had to be one of them, right? Interesting choice.' in GRUP Topic Children of DBAstridSecondGreetForcegreet [DIAL:0002B831]);;;;
666819;DBAstridSecondGreetForcegreet [DIAL:0002B831];;[INFO:000A2CC3] ('The timid warrior and the sly Khajiit. Must have been one or the other, right?' in GRUP Topic Children of DBAstridSecondGreetForcegreet [DIAL:0002B831]);;;;
666818;DBAstridSecondGreetForcegreet [DIAL:0002B831];;[INFO:000A2CC2] ('The blubbering barbarian and the tenacious mother. Must have been one of them, right?' in GRUP Topic Children of DBAstridSecondGreetForcegreet [DIAL:0002B831]);;;;
666817;DBAstridSecondGreetForcegreet [DIAL:0002B831];;[INFO:000A2CC1] ('The conniving Khajiit. Cat like that was sure to have enemies. It's no wonder you chose him.' in GRUP Topic Children of DBAstridSecondGreetForcegreet [DIAL:0002B831]);;;;
666816;DBAstridSecondGreetForcegreet [DIAL:0002B831];;[INFO:000A2CC0] ('Ah, the feisty goodwife. Quite the mouth on her. Someone must have wanted her dead... right?' in GRUP Topic Children of DBAstridSecondGreetForcegreet [DIAL:0002B831]);;;;
178228;DBAstridSecondGreetForcegreet [DIAL:0002B831];;[INFO:0002B834] ('Oh ho. The whimpering Nord, eh? Yes, yes, I can see how you'd come to that conclusion. Interesting choice.' in GRUP Topic Children of DBAstridSecondGreetForcegreet [DIAL:0002B831]);;;;
178225;;DBAstridSecondGreetForcegreet [DIAL:0002B831];;;DarkBrotherhood "Dark Brotherhood" [QUST:0001EA5C];;
600641;DGCrimeGoToJail "I submit. Take me to jail." [DIAL:000267DD];;[INFO:00092A41] ('You'll never see the sun again. No one escapes Cidhna Mine. No one.' in GRUP Topic Children of DGCrimeGoToJail "I submit. Take me to jail." [DIAL:000267DD]);;;TIF__00092A41;
157661;;DGCrimeGoToJail "I submit. Take me to jail." [DIAL:000267DD];;I submit. Take me to jail.;DialogueCrimeGuards "Generic crime dialogue" [QUST:000267EB];;
138466;DialogueRiftenAsbjornBranchTopic "You look young for a blacksmith." [DIAL:00021CE0];;[INFO:00021CE2] ('I was apprenticed to Balimund before he died. He taught me everything I know about forging armor and weapons.' in GRUP Topic Children of DialogueRiftenAsbjornBranchTopic "You look young for a blacksmith." [DIAL:00021CE0]);;;;
138464;;DialogueRiftenAsbjornBranchTopic "You look young for a blacksmith." [DIAL:00021CE0];;You look young for a blacksmith.;DialogueRiften "Riften Dialogue" [QUST:000368D8];;
